"snpid","geneid"
"snp_1487","AT4G38660"
"snp_1488","AT4G38660"
"snp_1208","AT4G00990"
"snp_771","AT2G44610"
"snp_1213","AT4G01500"
"snp_42","AT1G07910"
"snp_163","AT1G28090"
"snp_241","AT1G33730"
"snp_1078","AT3G48670"
"snp_446","AT1G69840"
"snp_1103","AT3G52950"
"snp_244","AT1G33730"
"snp_192","AT1G29370"
"snp_249","AT1G34210"
"snp_468","AT1G73480"
"snp_1869","AT5G49830"
"snp_1450","AT4G34280"
"snp_156","AT1G27100"
"snp_1838","AT5G47690"
"snp_1988","AT5G65700"
"snp_333","AT1G55530"
"snp_616","AT2G14440"
"snp_1728","AT5G27740"
"snp_915","AT3G19830"
"snp_894","AT3G17640"
"snp_485","AT1G74920"
"snp_411","AT1G65190"
"snp_414","AT1G65310"
"snp_395","AT1G63700"
"snp_327","AT1G54490"
"snp_144","AT1G23180"
"snp_1780","AT5G39760"
"snp_50","AT1G09290"
"snp_1942","AT5G59730"
"snp_505","AT1G76810"
"snp_137","AT1G22040"
"snp_428","AT1G68400"
"snp_1039","AT3G46530"
"snp_1009","AT3G44400"
"snp_1036","AT3G46530"
"snp_1037","AT3G46530"
"snp_1898","AT5G54585"
"snp_1297","AT4G13430"
"snp_525","AT1G78830"
"snp_732","AT2G35470"
"snp_806","AT3G04450"
"snp_2003","ATCG00065"
"snp_417","AT1G66130"
"snp_150","AT1G25280"
"snp_1295","AT4G13340"
"snp_1820","AT5G45340"
"snp_778","AT2G45730"
"snp_1940","AT5G59500"
"snp_1298","AT4G13460"
"snp_1243","AT4G04800"
"snp_2008","ATCG00740"
"snp_1922","AT5G57490"
"snp_1401","AT4G29190"
"snp_1034","AT3G46530"
"snp_714","AT2G31680"
"snp_1829","AT5G46190"
"snp_131","AT1G20980"
"snp_1336","AT4G17600"
"snp_1041","AT3G46530"
"snp_1008","AT3G44400"
"snp_1391","AT4G27820"
"snp_471","AT1G73680"
"snp_789","AT3G01370"
"snp_456","AT1G72150"
"snp_931","AT3G23710"
"snp_363","AT1G57980"
"snp_1984","AT5G65430"
"snp_1335","AT4G17530"
"snp_1470","AT4G37770"
"snp_1403","AT4G29190"
"snp_1011","AT3G44400"
"snp_1999","ATMG00690"
"snp_431","AT1G68690"
"snp_1101","AT3G52740"
"snp_1200","AT3G62420"
"snp_432","AT1G68690"
"snp_1186","AT3G61430"
"snp_1038","AT3G46530"
"snp_1068","AT3G48060"
"snp_469","AT1G73650"
"snp_1939","AT5G59160"
"snp_291","AT1G48850"
"snp_1920","AT5G57170"
"snp_995","AT3G30180"
"snp_1795","AT5G41400"
"snp_61","AT1G10510"
"snp_1926","AT5G58040"
"snp_1783","AT5G40080"
"snp_274","AT1G47420"
"snp_24","AT1G04430"
"snp_1126","AT3G54840"
"snp_1747","AT5G35220"
"snp_1640","AT5G21040"
"snp_1850","AT5G49730"
"snp_1908","AT5G54770"
"snp_408","AT1G65190"
"snp_1797","AT5G41580"
"snp_221","AT1G31500"
"snp_1739","AT5G28540"
"snp_220","AT1G31360"
"snp_1643","AT5G21105"
"snp_1672","AT5G24150"
"snp_729","AT2G33590"
"snp_1108","AT3G54000"
"snp_1161","AT3G60260"
"snp_1124","AT3G54820"
"snp_1270","AT4G10910"
"snp_1363","AT4G22753"
"snp_412","AT1G65310"
"snp_413","AT1G65310"
"snp_326","AT1G54270"
"snp_1755","AT5G36230"
"snp_1017","AT3G45030"
"snp_387","AT1G62180"
"snp_1549","AT5G10960"
"snp_1609","AT5G17000"
"snp_1111","AT3G54620"
"snp_82","AT1G13740"
"snp_1818","AT5G44290"
"snp_1021","AT3G45640"
"snp_1296","AT4G13410"
"snp_834","AT3G09710"
"snp_663","AT2G21188"
"snp_1389","AT4G27657"
"snp_1040","AT3G46530"
"snp_1153","AT3G59320"
"snp_292","AT1G49032"
"snp_1141","AT3G57530"
"snp_588","AT2G05995"
"snp_589","AT2G05995"
"snp_980","AT3G28030"
"snp_876","AT3G15110"
"snp_349","AT1G56580"
"snp_1140","AT3G56860"
"snp_1600","AT5G16180"
"snp_1744","AT5G35210"
"snp_200","AT1G29470"
"snp_440","AT1G69295"
"snp_609","AT2G13360"
"snp_1491","AT4G38950"
"snp_1187","AT3G61440"
"snp_2001","ATCG00030"
"snp_788","AT3G01310"
"snp_741","AT2G38270"
"snp_77","AT1G13090"
"snp_1283","AT4G11850"
"snp_1402","AT4G29190"
"snp_1983","AT5G65060"
"snp_843","AT3G10640"
"snp_553","AT1G80760"
"snp_684","AT2G25430"
"snp_928","AT3G23660"
"snp_100","AT1G18170"
"snp_1348","AT4G20170"
"snp_1595","AT5G15730"
"snp_730","AT2G33600"
"snp_1953","AT5G61410"
"snp_1538","AT5G10020"
"snp_1035","AT3G46530"
"snp_504","AT1G76720"
"snp_528","AT1G79040"
"snp_1635","AT5G20250"
"snp_736","AT2G35820"
"snp_991","AT3G29670"
"snp_1779","AT5G39660"
"snp_1714","AT5G24670"
"snp_201","AT1G29470"
"snp_245","AT1G33730"
"snp_782","AT2G46500"
"snp_842","AT3G10570"
"snp_1664","AT5G23020"
"snp_93","AT1G16460"
"snp_14","AT1G03230"
"snp_1148","AT3G58620"
"snp_99","AT1G18160"
"snp_1139","AT3G56400"
"snp_922","AT3G22780"
"snp_735","AT2G35810"
"snp_1255","AT4G08470"
"snp_1149","AT3G58620"
"snp_1630","AT5G20000"
"snp_1247","AT4G04810"
"snp_1429","AT4G31490"
"snp_1976","AT5G64740"
"snp_154","AT1G26960"
"snp_287","AT1G48450"
"snp_184","AT1G29350"
"snp_1331","AT4G16990"
"snp_733","AT2G35810"
"snp_1532","AT5G07840"
"snp_897","AT3G18050"
"snp_1392","AT4G27820"
"snp_1201","AT3G62420"
"snp_493","AT1G75980"
"snp_1280","AT4G11840"
"snp_1185","AT3G61430"
"snp_459","AT1G72440"
"snp_52","AT1G09575"
"snp_1516","AT5G04340"
"snp_698","AT2G28950"
"snp_1904","AT5G54730"
"snp_1462","AT4G35760"
"snp_1652","AT5G22770"
"snp_1878","AT5G51660"
"snp_1206","AT4G00420"
"snp_1341","AT4G17970"
"snp_1330","AT4G16990"
"snp_1699","AT5G24580"
